Sample,Concentration
20191227_A_000_1,18.84059667
20191227_A_000_2,20.14320264
20191227_B_000_1,30.08719032
20191227_B_000_2,44.00748175
20191227_C_000_1,26.32502288
20191227_C_000_2,36.39179
20191227_A_030_1,164.3916414
20191227_A_030_2,195.9470919
20191227_B_030_1,259.3817094
20191227_B_030_2,280.1313704
20191227_C_030_1,188.1274306
20191227_C_030_2,257.107188
20191227_A_060_1,134.3053346
20191227_A_060_2,117.6871339
20191227_B_060_1,109.8867382
20191227_B_060_2,119.2752485
20191227_C_060_1,97.52548795
20191227_C_060_2,106.619411
20191227_A_120_1,72.492853
20191227_A_120_2,79.0855676
20191227_B_120_1,54.66326408
20191227_B_120_2,72.57909276
20191227_C_120_1,63.93488442
20191227_C_120_2,65.04102909
20191227_A_240_1,32.93553152
20191227_A_240_2,49.45395045
20191227_B_240_1,45.06668214
20191227_B_240_2,37.15170344
20191227_C_240_1,73.67933032
20191227_C_240_2,46.4010286
